model,method_type,time_elapsed_sec,complexity,rmse,nme,mae,mse,mape,smape,grubbs,shape_similarity
predict_last_value,Naive Methods,6.818771362304688e-05,0,637.47,0.08,532.25,406362.68,0.08,0.08,0,6919.3
predict_mean,Naive Methods,7.05718994140625e-05,0,968.06,0.13,897.34,937141.41,0.15,0.14,0,11665.41
predict_random_walk,Naive Methods,0.00042891502380371094,0,560.82,0.06,451.36,314521.4,0.07,0.07,0,4899.79
predict_arima,Traditional Methods,0.15452957153320312,3,655.86,0.08,550.94,430157.43,0.09,0.08,0,7162.18
predict_theta,Traditional Methods,8.940696716308594e-05,1,1989.0,0.28,1939.17,3956105.63,0.4,0.33,0,25209.2
predict_ets,Traditional Methods,0.07004427909851074,3,404.98,0.05,368.43,164006.03,0.05,0.05,0,4295.0
predict_prophet_model,Machine Learning,0.24594473838806152,1,473.75,0.06,415.47,224435.33,0.06,0.06,0,4129.7
