model,method_type,time_elapsed_sec,complexity,rmse,nme,mae,mse,mape,smape,grubbs,shape_similarity
predict_last_value,Naive Methods,9.369850158691406e-05,0,637.47,0.08,532.25,406362.68,0.08,0.08,0,6919.3
predict_mean,Naive Methods,0.00014591217041015625,0,968.06,0.13,897.34,937141.41,0.15,0.14,0,11665.41
predict_random_walk,Naive Methods,0.0002560615539550781,0,1150.13,0.14,992.94,1322789.04,0.18,0.16,0,12908.18
