model,method_type,time_elapsed_sec,memory_usage_mb,rmse,nme,mae,mse,mape,smape,grubbs,shape_similarity
predict_last_value,Naive Methods,0.00016379356384277344,0.0,1138.002636200813,0.11784426315255898,961.6666666666666,1295050.0,14.05945419103314,12.811527816409125,0,5770.0
predict_mean,Naive Methods,0.00011396408081054688,0.42578125,3837.632095523184,0.4824969246064272,3789.0860215053763,14727420.100589665,94.43015247742316,63.78113708872721,0,22734.516129032258
predict_random_walk,Naive Methods,0.0001704692840576172,-0.25,179.55623097885893,0.01832390298237137,141.92833333333328,32240.440083333346,1.8086225297198204,1.8200638531020032,0,851.5699999999997
