model,method_type,time_elapsed_sec,complexity,rmse,nme,mae,mse,mape,smape,grubbs,shape_similarity
predict_last_value,Naive Methods,4.172325134277344e-05,0,1138.0,0.12,961.67,1295050.0,14.06,12.81,0,5770.0
predict_mean,Naive Methods,7.200241088867188e-05,0,3837.63,0.48,3789.09,14727420.1,94.43,63.78,0,22734.52
predict_random_walk,Naive Methods,0.00011086463928222656,0,2276.75,0.23,1900.7,5183572.35,35.21,27.86,0,11404.2
predict_prophet_model,Machine Learning,0.2630298137664795,1,412.01,0.04,357.92,169755.75,4.68,4.54,0,1478.62
predict_arima,Traditional Methods,0.12424850463867188,3,276.09,0.03,231.87,76224.65,2.98,2.94,0,1136.76
predict_theta,Traditional Methods,7.700920104980469e-05,1,5670.93,0.72,5646.67,32159466.67,261.48,113.24,0,33880.0
predict_ets,Traditional Methods,0.05069899559020996,3,3612.25,0.45,3513.22,13048368.33,83.82,57.88,0,21079.31
