model,method_type,time_elapsed_sec,memory_usage_mb,rmse,nme,mae,mse,mape,smape,grubbs,shape_similarity
predict_last_value,Naive Methods,0.0002117156982421875,-1.015625,1138.002636200813,0.11784426315255898,961.6666666666666,1295050.0,14.05945419103314,12.811527816409125,0,5770.0
predict_mean,Naive Methods,0.0006957054138183594,0.0,3837.632095523184,0.4824969246064272,3789.0860215053763,14727420.100589665,94.43015247742316,63.78113708872721,0,22734.516129032258
predict_random_walk,Naive Methods,0.0001614093780517578,0.0,587.8432235724076,0.06284942661476091,507.22666666666646,345559.65549999964,6.851884076000542,6.555040898854789,0,2131.7599999999984
predict_arima,Traditional Methods,0.07053518295288086,5.6484375,276.0881194381026,0.02897878285633977,231.86523806952377,76224.649694868,2.9768901208655993,2.9360213122544767,0,1136.7630907114226
predict_theta,Traditional Methods,0.00022840499877929688,0.0,5670.931728267116,0.722926637820354,5646.666666666667,32159466.666666668,261.48471650526164,113.23963195407559,0,33880.0
predict_ets,Traditional Methods,0.06481409072875977,0.0,3612.2525290384215,0.44531060602011646,3513.2176542597335,13048368.333544472,83.81532357346379,57.877068791260974,0,21079.3059255584
predict_prophet_model,Machine Learning,0.3236815929412842,4.40234375,412.0142610784935,0.044155763605902426,357.917813187953,169755.75133205703,4.679576453047204,4.543327550072795,0,1478.6173280785397
