model,method_type,time_elapsed_sec,memory_usage_mb,rmse,nme,mae,mse,mape,smape,grubbs,shape_similarity
predict_last_value,Naive Methods,0.00010514259338378906,-0.9765625,1138.002636200813,0.11784426315255898,961.6666666666666,1295050.0,14.05945419103314,12.811527816409125,0,5770.0
predict_mean,Naive Methods,0.00010442733764648438,0.0,3837.632095523184,0.4824969246064272,3789.0860215053763,14727420.100589665,94.43015247742316,63.78113708872721,0,22734.516129032258
predict_random_walk,Naive Methods,0.00012421607971191406,0.0,801.4252184078064,0.05442069005542383,462.46999999999997,642282.3807000001,6.502378082525696,5.912747584328562,0,2774.8199999999997
