model,method_type,time_elapsed_sec,rmse,nme,mae,mse,mape,smape,grubbs,shape_similarity
predict_last_value,Naive Methods,3.7670135498046875e-05,1138.002636200813,0.11784426315255898,961.6666666666666,1295050.0,14.05945419103314,12.811527816409125,0,5770.0
predict_mean,Naive Methods,6.580352783203125e-05,3837.632095523184,0.4824969246064272,3789.0860215053763,14727420.100589665,94.43015247742316,63.78113708872721,0,22734.516129032258
predict_random_walk,Naive Methods,0.000148773193359375,345.2381316811147,0.034339781884866354,275.4066666666666,119189.36756666668,3.262285179521279,3.345503176849011,0,773.1200000000008
predict_last_value,Naive Methods,4.2438507080078125e-05,1138.002636200813,0.11784426315255898,961.6666666666666,1295050.0,14.05945419103314,12.811527816409125,0,5770.0
predict_mean,Naive Methods,6.818771362304688e-05,3837.632095523184,0.4824969246064272,3789.0860215053763,14727420.100589665,94.43015247742316,63.78113708872721,0,22734.516129032258
predict_random_walk,Naive Methods,8.225440979003906e-05,707.2585322214215,0.06473687594443975,532.2366666666663,500214.63139999955,7.284989854022053,6.849895307918982,0,2687.869999999999
predict_last_value,Naive Methods,5.316734313964844e-05,1138.002636200813,0.11784426315255898,961.6666666666666,1295050.0,14.05945419103314,12.811527816409125,0,5770.0
predict_mean,Naive Methods,8.058547973632812e-05,3837.632095523184,0.4824969246064272,3789.0860215053763,14727420.100589665,94.43015247742316,63.78113708872721,0,22734.516129032258
predict_random_walk,Naive Methods,9.942054748535156e-05,2208.1720134649836,0.22573285491368064,1843.1283333333329,4876023.641049999,33.611526660572565,26.835186890823874,0,11058.769999999997
