method,score
random_walk,5.214042712751718
random_walk,8.688645777376875
last_value,13.28777772439626
last_value,13.37361463426756
mean,54.34857260707592
mean,54.391491062011575
