method,score
theta,1.6861876685928578
ets,3.329537080035183
prophet_model,4.023860047161648
arima,5.964624329850303
